{"polyfill":["/polyfill-eec085299362fe727737.js"],"app":["/app-351cdc91300e9190b87a.js"],"component---src-pages-404-js":["/component---src-pages-404-js-0a7f7a98b1e8df780b85.js"],"component---src-pages-about-js":["/component---src-pages-about-js-3c4a16efc9afcf8b5cd7.js"],"component---src-pages-contact-js":["/component---src-pages-contact-js-78bedc494c05ac73729f.js"],"component---src-pages-index-js":["/component---src-pages-index-js-47da14fd2aad63557ea9.js"],"component---src-pages-recipes-contentful-recipe-title-js":["/component---src-pages-recipes-contentful-recipe-title-js-be1fb48a4b734c93b1da.js"],"component---src-pages-recipes-index-js":["/component---src-pages-recipes-index-js-c0ac2e99d84b0fe66222.js"],"component---src-pages-tags-js":["/component---src-pages-tags-js-1f9a949ddc580bc26b8d.js"],"component---src-templates-tag-template-js":["/component---src-templates-tag-template-js-72c6b2b08e3a5fbc1c9a.js"]}