{"namedChunkGroups":{"polyfill":{"name":"polyfill","assets":[{"name":"webpack-runtime-d2a1a3101724e78d2c58.js","size":5453},{"name":"polyfill-eec085299362fe727737.js","size":84336}],"filteredAssets":0,"assetsSize":89789,"filteredAuxiliaryAssets":2,"auxiliaryAssetsSize":226233},"app":{"name":"app","assets":[{"name":"webpack-runtime-d2a1a3101724e78d2c58.js","size":5453},{"name":"framework-e07cf652bd42e0292331.js","size":129925},{"name":"app-351cdc91300e9190b87a.js","size":66890}],"filteredAssets":0,"assetsSize":202268,"filteredAuxiliaryAssets":3,"auxiliaryAssetsSize":648858},"component---src-pages-404-js":{"name":"component---src-pages-404-js","assets":[{"name":"styles.c15aaa13223276146df0.css","size":12144},{"name":"5e2a4920-fd6704f7b598175e9e8a.js","size":605},{"name":"commons-9c4584f43bec1a45192f.js","size":18545},{"name":"component---src-pages-404-js-0a7f7a98b1e8df780b85.js","size":494}],"filteredAssets":0,"assetsSize":31788,"filteredAuxiliaryAssets":4,"auxiliaryAssetsSize":308728},"component---src-pages-about-js":{"name":"component---src-pages-about-js","assets":[{"name":"styles.c15aaa13223276146df0.css","size":12144},{"name":"5e2a4920-fd6704f7b598175e9e8a.js","size":605},{"name":"commons-9c4584f43bec1a45192f.js","size":18545},{"name":"component---src-pages-about-js-3c4a16efc9afcf8b5cd7.js","size":68547}],"filteredAssets":0,"assetsSize":99841,"filteredAuxiliaryAssets":4,"auxiliaryAssetsSize":324096},"component---src-pages-contact-js":{"name":"component---src-pages-contact-js","assets":[{"name":"styles.c15aaa13223276146df0.css","size":12144},{"name":"5e2a4920-fd6704f7b598175e9e8a.js","size":605},{"name":"commons-9c4584f43bec1a45192f.js","size":18545},{"name":"component---src-pages-contact-js-78bedc494c05ac73729f.js","size":9482}],"filteredAssets":0,"assetsSize":40776,"filteredAuxiliaryAssets":4,"auxiliaryAssetsSize":324795},"component---src-pages-index-js":{"name":"component---src-pages-index-js","assets":[{"name":"styles.c15aaa13223276146df0.css","size":12144},{"name":"5e2a4920-fd6704f7b598175e9e8a.js","size":605},{"name":"commons-9c4584f43bec1a45192f.js","size":18545},{"name":"component---src-pages-index-js-47da14fd2aad63557ea9.js","size":58056}],"filteredAssets":0,"assetsSize":89350,"filteredAuxiliaryAssets":4,"auxiliaryAssetsSize":325412},"component---src-pages-recipes-contentful-recipe-title-js":{"name":"component---src-pages-recipes-contentful-recipe-title-js","assets":[{"name":"styles.c15aaa13223276146df0.css","size":12144},{"name":"5e2a4920-fd6704f7b598175e9e8a.js","size":605},{"name":"0c428ae2-46f1c5691feb72011b1a.js","size":2706},{"name":"commons-9c4584f43bec1a45192f.js","size":18545},{"name":"component---src-pages-recipes-contentful-recipe-title-js-be1fb48a4b734c93b1da.js","size":9265}],"filteredAssets":0,"assetsSize":43265,"filteredAuxiliaryAssets":5,"auxiliaryAssetsSize":841622},"component---src-pages-recipes-index-js":{"name":"component---src-pages-recipes-index-js","assets":[{"name":"styles.c15aaa13223276146df0.css","size":12144},{"name":"5e2a4920-fd6704f7b598175e9e8a.js","size":605},{"name":"commons-9c4584f43bec1a45192f.js","size":18545},{"name":"component---src-pages-recipes-index-js-c0ac2e99d84b0fe66222.js","size":8867}],"filteredAssets":0,"assetsSize":40161,"filteredAuxiliaryAssets":4,"auxiliaryAssetsSize":324752},"component---src-pages-tags-js":{"name":"component---src-pages-tags-js","assets":[{"name":"styles.c15aaa13223276146df0.css","size":12144},{"name":"5e2a4920-fd6704f7b598175e9e8a.js","size":605},{"name":"commons-9c4584f43bec1a45192f.js","size":18545},{"name":"component---src-pages-tags-js-1f9a949ddc580bc26b8d.js","size":893}],"filteredAssets":0,"assetsSize":32187,"filteredAuxiliaryAssets":4,"auxiliaryAssetsSize":310314},"component---src-templates-tag-template-js":{"name":"component---src-templates-tag-template-js","assets":[{"name":"styles.c15aaa13223276146df0.css","size":12144},{"name":"5e2a4920-fd6704f7b598175e9e8a.js","size":605},{"name":"commons-9c4584f43bec1a45192f.js","size":18545},{"name":"component---src-templates-tag-template-js-72c6b2b08e3a5fbc1c9a.js","size":8095}],"filteredAssets":0,"assetsSize":39389,"filteredAuxiliaryAssets":4,"auxiliaryAssetsSize":322656}},"assetsByChunkName":{"polyfill":["webpack-runtime-d2a1a3101724e78d2c58.js","polyfill-eec085299362fe727737.js"],"app":["webpack-runtime-d2a1a3101724e78d2c58.js","framework-e07cf652bd42e0292331.js","app-351cdc91300e9190b87a.js"],"component---src-pages-404-js":["styles.c15aaa13223276146df0.css","5e2a4920-fd6704f7b598175e9e8a.js","commons-9c4584f43bec1a45192f.js","component---src-pages-404-js-0a7f7a98b1e8df780b85.js"],"component---src-pages-about-js":["styles.c15aaa13223276146df0.css","5e2a4920-fd6704f7b598175e9e8a.js","commons-9c4584f43bec1a45192f.js","component---src-pages-about-js-3c4a16efc9afcf8b5cd7.js"],"component---src-pages-contact-js":["styles.c15aaa13223276146df0.css","5e2a4920-fd6704f7b598175e9e8a.js","commons-9c4584f43bec1a45192f.js","component---src-pages-contact-js-78bedc494c05ac73729f.js"],"component---src-pages-index-js":["styles.c15aaa13223276146df0.css","5e2a4920-fd6704f7b598175e9e8a.js","commons-9c4584f43bec1a45192f.js","component---src-pages-index-js-47da14fd2aad63557ea9.js"],"component---src-pages-recipes-contentful-recipe-title-js":["styles.c15aaa13223276146df0.css","5e2a4920-fd6704f7b598175e9e8a.js","0c428ae2-46f1c5691feb72011b1a.js","commons-9c4584f43bec1a45192f.js","component---src-pages-recipes-contentful-recipe-title-js-be1fb48a4b734c93b1da.js"],"component---src-pages-recipes-index-js":["styles.c15aaa13223276146df0.css","5e2a4920-fd6704f7b598175e9e8a.js","commons-9c4584f43bec1a45192f.js","component---src-pages-recipes-index-js-c0ac2e99d84b0fe66222.js"],"component---src-pages-tags-js":["styles.c15aaa13223276146df0.css","5e2a4920-fd6704f7b598175e9e8a.js","commons-9c4584f43bec1a45192f.js","component---src-pages-tags-js-1f9a949ddc580bc26b8d.js"],"component---src-templates-tag-template-js":["styles.c15aaa13223276146df0.css","5e2a4920-fd6704f7b598175e9e8a.js","commons-9c4584f43bec1a45192f.js","component---src-templates-tag-template-js-72c6b2b08e3a5fbc1c9a.js"]},"childAssetsByChunkName":{}}